{
    "annotations": {
      "list": [
        {
          "builtIn": 1,
          "datasource": {
            "type": "grafana",
            "uid": "-- Grafana --"
          },
          "enable": true,
          "hide": true,
          "iconColor": "rgba(0, 211, 255, 1)",
          "name": "Annotations & Alerts",
          "target": {
            "limit": 100,
            "matchAny": false,
            "tags": [],
            "type": "dashboard"
          },
          "type": "dashboard"
        }
      ]
    },
    "editable": true,
    "fiscalYearStartMonth": 0,
    "graphTooltip": 0,
    "id": null,
    "links": [],
    "liveNow": false,
    "panels": [
      {
        "gridPos": {
          "h": 1,
          "w": 24,
          "x": 0,
          "y": 0
        },
        "id": 4,
        "title": "Row title",
        "type": "row"
      },
      {
        "datasource": {
          "type": "influxdb",
          "uid": "643qBe9nk"
        },
        "fieldConfig": {
          "defaults": {
            "color": {
              "mode": "palette-classic"
            },
            "custom": {
              "axisLabel": "",
              "axisPlacement": "auto",
              "barAlignment": 0,
              "drawStyle": "line",
              "fillOpacity": 0,
              "gradientMode": "none",
              "hideFrom": {
                "legend": false,
                "tooltip": false,
                "viz": false
              },
              "lineInterpolation": "linear",
              "lineWidth": 1,
              "pointSize": 5,
              "scaleDistribution": {
                "type": "linear"
              },
              "showPoints": "auto",
              "spanNulls": false,
              "stacking": {
                "group": "A",
                "mode": "none"
              },
              "thresholdsStyle": {
                "mode": "off"
              }
            },
            "mappings": [],
            "thresholds": {
              "mode": "absolute",
              "steps": [
                {
                  "color": "green",
                  "value": null
                }
              ]
            }
          },
          "overrides": [
            {
              "matcher": {
                "id": "byName",
                "options": "_value"
              },
              "properties": [
                {
                  "id": "displayName",
                  "value": "${__field.labels._field}"
                }
              ]
            },
            {
              "matcher": {
                "id": "byRegexp",
                "options": "recipe"
              },
              "properties": [
                {
                  "id": "custom.axisPlacement",
                  "value": "right"
                }
              ]
            },
            {
              "matcher": {
                "id": "byRegexp",
                "options": "value"
              },
              "properties": [
                {
                  "id": "custom.axisPlacement",
                  "value": "left"
                },
                {
                  "id": "unit",
                  "value": "percent"
                },
                {
                  "id": "min",
                  "value": 0
                },
                {
                  "id": "max",
                  "value": 100
                }
              ]
            }
          ]
        },
        "gridPos": {
          "h": 9,
          "w": 16,
          "x": 0,
          "y": 1
        },
        "id": 10,
        "options": {
          "legend": {
            "calcs": [],
            "displayMode": "list",
            "placement": "bottom"
          },
          "tooltip": {
            "mode": "single",
            "sort": "none"
          }
        },
        "targets": [
          {
            "datasource": {
              "type": "influxdb",
              "uid": "643qBe9nk"
            },
            "query": "from(bucket: \"steak\")\r\n  |> range(start: v.timeRangeStart, stop: v.timeRangeStop)\r\n  |> filter(fn: (r) => r[\"_measurement\"] == \"steak\")\r\n  |> filter(fn: (r) => r[\"_field\"] == \"value\" or r[\"_field\"] == \"recipe\")\r\n  |> group(columns: [\"_field\"])",
            "refId": "A"
          }
        ],
        "title": "Steak",
        "transformations": [],
        "type": "timeseries"
      },
      {
        "datasource": {
          "type": "influxdb",
          "uid": "643qBe9nk"
        },
        "fieldConfig": {
          "defaults": {
            "color": {
              "mode": "thresholds"
            },
            "mappings": [],
            "thresholds": {
              "mode": "absolute",
              "steps": [
                {
                  "color": "green",
                  "value": null
                }
              ]
            }
          },
          "overrides": []
        },
        "gridPos": {
          "h": 9,
          "w": 7,
          "x": 16,
          "y": 1
        },
        "id": 12,
        "options": {
          "colorMode": "value",
          "graphMode": "area",
          "justifyMode": "auto",
          "orientation": "auto",
          "reduceOptions": {
            "calcs": [
              "lastNotNull"
            ],
            "fields": "",
            "values": false
          },
          "textMode": "auto"
        },
        "pluginVersion": "9.0.0-beta2",
        "targets": [
          {
            "datasource": {
              "type": "influxdb",
              "uid": "643qBe9nk"
            },
            "query": "from(bucket: \"steak\")\r\n  |> range(start: v.timeRangeStart, stop: v.timeRangeStop)\r\n  |> filter(fn: (r) => r[\"_measurement\"] == \"steak\")\r\n  |> filter(fn: (r) => r[\"_field\"] == \"value\")\r\n  |> group(columns: [\"_field\"])\r\n  |> count()",
            "refId": "A"
          }
        ],
        "title": "Steak Complete",
        "type": "stat"
      },
      {
        "datasource": {
          "type": "influxdb",
          "uid": "643qBe9nk"
        },
        "description": "",
        "fieldConfig": {
          "defaults": {
            "color": {
              "mode": "continuous-GrYlRd"
            },
            "displayName": "Oven_${__field.labels.id}",
            "mappings": [],
            "max": 600,
            "min": 0,
            "thresholds": {
              "mode": "absolute",
              "steps": [
                {
                  "color": "green",
                  "value": null
                }
              ]
            },
            "unit": "celsius"
          },
          "overrides": []
        },
        "gridPos": {
          "h": 9,
          "w": 12,
          "x": 0,
          "y": 10
        },
        "id": 6,
        "options": {
          "orientation": "auto",
          "reduceOptions": {
            "calcs": [
              "lastNotNull"
            ],
            "fields": "",
            "values": true
          },
          "showThresholdLabels": false,
          "showThresholdMarkers": true,
          "text": {}
        },
        "pluginVersion": "9.0.0-beta2",
        "targets": [
          {
            "datasource": {
              "type": "influxdb",
              "uid": "643qBe9nk"
            },
            "query": "from(bucket: \"steak\")\r\n  |> range(start: v.timeRangeStart, stop: v.timeRangeStop)\r\n  |> filter(fn: (r) => r[\"_measurement\"] == \"oven\")\r\n  |> filter(fn: (r) => r[\"_field\"] == \"temperature\")\r\n  |> last()",
            "refId": "A"
          }
        ],
        "title": "Oven Temperature Gauge",
        "type": "gauge"
      },
      {
        "datasource": {
          "type": "influxdb",
          "uid": "643qBe9nk"
        },
        "fieldConfig": {
          "defaults": {
            "color": {
              "mode": "thresholds"
            },
            "custom": {
              "align": "auto",
              "displayMode": "auto",
              "inspect": false
            },
            "mappings": [],
            "thresholds": {
              "mode": "absolute",
              "steps": [
                {
                  "color": "green",
                  "value": null
                },
                {
                  "color": "red",
                  "value": 80
                }
              ]
            }
          },
          "overrides": [
            {
              "matcher": {
                "id": "byName",
                "options": "ovenId"
              },
              "properties": [
                {
                  "id": "custom.width",
                  "value": 74
                }
              ]
            },
            {
              "matcher": {
                "id": "byName",
                "options": "node"
              },
              "properties": [
                {
                  "id": "custom.width",
                  "value": 62
                }
              ]
            },
            {
              "matcher": {
                "id": "byName",
                "options": "_time"
              },
              "properties": [
                {
                  "id": "custom.width",
                  "value": 168
                }
              ]
            },
            {
              "matcher": {
                "id": "byName",
                "options": "id"
              },
              "properties": [
                {
                  "id": "custom.width",
                  "value": 268
                }
              ]
            },
            {
              "matcher": {
                "id": "byName",
                "options": "moisture"
              },
              "properties": [
                {
                  "id": "custom.width",
                  "value": 110
                }
              ]
            },
            {
              "matcher": {
                "id": "byName",
                "options": "thickness"
              },
              "properties": [
                {
                  "id": "custom.width",
                  "value": 146
                }
              ]
            },
            {
              "matcher": {
                "id": "byName",
                "options": "node"
              },
              "properties": [
                {
                  "id": "custom.filterable",
                  "value": true
                }
              ]
            },
            {
              "matcher": {
                "id": "byName",
                "options": "ovenId"
              },
              "properties": [
                {
                  "id": "custom.filterable",
                  "value": true
                }
              ]
            },
            {
              "matcher": {
                "id": "byName",
                "options": "moisture"
              },
              "properties": [
                {
                  "id": "unit",
                  "value": "percent"
                }
              ]
            },
            {
              "matcher": {
                "id": "byName",
                "options": "thickness"
              },
              "properties": [
                {
                  "id": "unit",
                  "value": "lengthmm"
                }
              ]
            }
          ]
        },
        "gridPos": {
          "h": 9,
          "w": 12,
          "x": 12,
          "y": 10
        },
        "id": 8,
        "options": {
          "footer": {
            "fields": "",
            "reducer": [
              "sum"
            ],
            "show": false
          },
          "showHeader": true,
          "sortBy": []
        },
        "pluginVersion": "9.0.0-beta2",
        "targets": [
          {
            "datasource": {
              "type": "influxdb",
              "uid": "643qBe9nk"
            },
            "query": "from(bucket: \"steak\")\r\n  |> range(start: v.timeRangeStart, stop: v.timeRangeStop)\r\n  |> filter(fn: (r) => r[\"_measurement\"] == \"patch\" and r._field != \"recipe\")\r\n  |> pivot(rowKey:[\"_time\"], columnKey: [\"_field\"], valueColumn: \"_value\")",
            "refId": "A"
          }
        ],
        "title": "Steak",
        "transformations": [
          {
            "id": "labelsToFields",
            "options": {
              "keepLabels": [
                "node",
                "ovenId"
              ]
            }
          },
          {
            "id": "organize",
            "options": {
              "excludeByName": {},
              "indexByName": {
                "_time": 0,
                "id": 1,
                "moisture": 4,
                "node": 2,
                "ovenId": 3,
                "thickness": 5
              },
              "renameByName": {}
            }
          }
        ],
        "type": "table"
      },
      {
        "datasource": {
          "type": "influxdb",
          "uid": "643qBe9nk"
        },
        "fieldConfig": {
          "defaults": {
            "color": {
              "mode": "palette-classic",
              "seriesBy": "last"
            },
            "custom": {
              "axisLabel": "",
              "axisPlacement": "auto",
              "barAlignment": 0,
              "drawStyle": "line",
              "fillOpacity": 0,
              "gradientMode": "none",
              "hideFrom": {
                "legend": false,
                "tooltip": false,
                "viz": false
              },
              "lineInterpolation": "linear",
              "lineWidth": 1,
              "pointSize": 5,
              "scaleDistribution": {
                "type": "linear"
              },
              "showPoints": "auto",
              "spanNulls": false,
              "stacking": {
                "group": "A",
                "mode": "none"
              },
              "thresholdsStyle": {
                "mode": "off"
              }
            },
            "mappings": [],
            "max": 600,
            "min": 0,
            "thresholds": {
              "mode": "absolute",
              "steps": [
                {
                  "color": "green",
                  "value": null
                }
              ]
            },
            "unit": "celsius"
          },
          "overrides": [
            {
              "matcher": {
                "id": "byName",
                "options": "temperature"
              },
              "properties": [
                {
                  "id": "displayName",
                  "value": "Oven_${__field.labels.id}"
                }
              ]
            }
          ]
        },
        "gridPos": {
          "h": 10,
          "w": 24,
          "x": 0,
          "y": 19
        },
        "id": 2,
        "options": {
          "legend": {
            "calcs": [],
            "displayMode": "list",
            "placement": "bottom"
          },
          "tooltip": {
            "mode": "single",
            "sort": "none"
          }
        },
        "targets": [
          {
            "datasource": {
              "type": "influxdb",
              "uid": "643qBe9nk"
            },
            "query": "from(bucket: \"steak\")\r\n  |> range(start: v.timeRangeStart, stop: v.timeRangeStop)\r\n  |> filter(fn: (r) => r[\"_measurement\"] == \"oven\")\r\n  |> filter(fn: (r) => r[\"_field\"] == \"temperature\")",
            "refId": "A"
          }
        ],
        "title": "Oven Temperature",
        "type": "timeseries"
      }
    ],
    "schemaVersion": 36,
    "style": "dark",
    "tags": [],
    "templating": {
      "list": []
    },
    "time": {
      "from": "now-1h",
      "to": "now"
    },
    "timepicker": {},
    "timezone": "",
    "title": "Steak",
    "uid": "PPnzLkC7z",
    "version": 8,
    "weekStart": ""
  }